0,-1.2061983454347063,-1.0810498650762528,0
1,0.6149943154634784,-0.9716001421247299,0
2,0.33510237521740543,0.5446175311724477,1
3,-0.23527667555423742,0.5517705290096946,1
4,-0.2746909940758476,0.45474337696101064,1
5,1.23217015884171,-0.6630652321200214,0
6,-0.36442507117675443,-1.0181754594945043,0
7,-1.3131289681776543,1.39208275835479,1
8,-0.042843298862260557,-1.1220166481192424,0
9,0.00986084992569316,1.1741910140154843,1
10,0.11425721069802823,-1.021754018858379,0
11,-0.7832829983041001,0.8503100106387074,1
12,0.5424089014762601,-0.972869612543968,0
13,-0.36028293366278197,-1.0030704688074712,0
14,-0.5330465523289462,2.006666732811975,1
15,-1.986422098877965,-0.8423878492953244,0
16,-0.8028472742354764,-0.9813607852177919,0
17,1.2094568670688168,-0.9984813970284753,0
18,0.06013509663417634,1.4525606747723219,1
19,0.5366913053085136,0.9059079864812644,1
20,0.5905702942267659,-0.9656107290151023,0
21,-2.0868100399157004,1.3701793480235933,1
22,0.4622973189284603,-1.2116951509892795,0
23,1.1506775173717665,1.0293156571019646,1
24,-0.3008347710315055,-0.7924371875423565,0
25,-0.4723081974544014,1.3692137879014563,1
26,1.6583042803084818,-0.7383623856139125,0
27,1.7905307408880005,-0.9573773358329892,0
28,0.3943294236389804,0.6947561962538513,1
29,0.7526631167323123,-1.2256445845704982,0
30,-0.8853678896978384,1.2999613744069425,1
31,0.8493618203905915,-0.8235792536073805,0
32,-1.8358454034788267,0.22476976115027503,1
33,-1.6712137388039525,-1.0510932146585457,0
34,1.4102219474912177,-1.149313315020753,0
35,-0.32707333368776026,1.0365131628083617,1
36,-1.951145635346807,0.44952375387775934,1
37,-1.3899998886976292,-0.987306154921158,0
38,0.0726570096707363,1.8335266141896716,1
39,-0.4017733246726116,0.8590815538762787,1
40,1.5610523861282923,0.9386773017584152,1
41,-1.0579586006870567,1.6446565284216343,1
42,-1.0451651807354898,-0.8564458045318114,0
43,1.2670189714321405,0.6563300974816206,1
44,2.637999136934934,0.40351737779667396,1
45,0.7690586787011945,-0.9172404259539674,0
46,0.6710357954463428,-1.0710558567180073,0
47,-1.416158306266624,0.12058147598745028,1
48,0.43553601289711247,0.9465626555265876,1
49,0.7217459634401172,-0.9385522280059205,0
50,0.17252812726804992,-0.9924700299186515,0
51,1.2016517346830242,-0.7953218865927236,0
52,0.6689302301242986,-0.9464521247211347,0
53,0.09524294082039131,0.7837679010348354,1
54,0.6002187080814965,0.6876144075525159,1
55,1.2679224820566448,-0.8780461224160353,0
56,-0.6389368373989239,1.4809433559587961,1
57,-0.48397970187214034,1.6418024490537029,1
58,-2.9467324900110325,-1.219372065326572,0
59,-0.4387409597866242,-1.1346178156526696,0
60,-0.35302031169045667,1.8684644524174132,1
61,-0.7038080222487072,1.2975295533996605,1
62,-0.72388833339488,1.8909009994092416,1
63,0.07900152710360897,1.3048662362742047,1
64,1.3272766775454656,0.4693486572109896,1
65,2.6345411642442036,-0.8834765707652243,0
66,-0.26519641591354076,1.2674657662246247,1
67,1.5297270145087065,-0.9046155699093462,0
68,-1.7529500788009589,-0.924871805053533,0
69,-1.1007438683027022,-0.9968991978858488,0
70,-1.2113169545046905,0.9409321134848483,1
71,0.9746327382754448,0.16950176352881952,1
72,0.03308134343391288,0.9642428202043315,1
73,2.649071065561208,-0.9002124387041496,0
74,-0.25716786675548675,-0.8702478873369621,0
75,0.8878770964750013,-1.0545874827799333,0
76,-1.049303966109218,-0.9799737016586189,0
77,0.724342460270993,-1.1368887401008587,0
78,-0.9977680548641764,1.535875307830353,1
79,-0.047489397061358324,-1.0087381211386854,0
80,0.3060181986838089,-0.7582576694842265,0
81,1.3108195564952696,0.6660903259973414,1
82,0.7244031943324565,1.7827131786549821,1
83,-0.8558987368006311,0.434362150881601,1
84,-0.40584022377575685,-0.9759285991254111,0
85,-0.6448641748539676,-0.8691239040914618,0
86,1.2598359431193795,-0.8670168592861409,0
87,0.2840734103268949,-0.9138257400963963,0
88,-0.48385561475804817,-1.0281287312847809,0
89,-0.3256804236150949,0.42454980754152694,1
90,0.3018923575500815,-1.1430474294139483,0
91,0.3664553388501654,1.0895341710970472,1
92,0.5465556875441924,1.0661924690876632,1
93,-0.342562791963153,-0.9899397765988003,0
94,0.24444650251150202,-0.8644522606613411,0
95,1.0814256719185333,-1.1720854191200658,0
96,0.8558271834230129,-1.0943032867007496,0
97,0.5440397704642161,1.27299620592941,1
98,1.2191932367303842,1.4378899577488253,1
99,-0.0762389103591203,1.1750361601518033,1
100,1.4368516550109043,-0.8937340720604413,0
101,0.6067695031602107,0.8639253762148242,1
102,-0.14380588433430674,-0.7246106126869305,0
103,-1.074307634187876,-1.072296141453577,0
104,-1.3448355997304644,0.879134031357408,1
105,0.544580273040393,1.618966713012897,1
106,-0.0015396915715285599,1.970831185660889,1
107,-1.991163699090239,1.2140979225186492,1
108,1.7536431424589818,0.45893193673861055,1
109,1.867516531861248,-1.1109959503282965,0
110,-0.49674276616617175,-0.9688311122324196,0
111,-1.0112415733416238,0.4937918868780743,1
112,0.5682924637472543,-1.0282472755899095,0
113,-0.6911864460188446,0.9583352028259948,1
114,-1.3200052731239775,0.776464989479464,1
115,2.6299638449377998,-0.8135701369684004,0
116,0.13869422326426542,-1.084670268865653,0
117,1.8072227712071247,-0.7286962468872821,0
118,1.1263374933626922,-1.1366436766444674,0
119,0.06991095866218909,-0.9583338010484344,0
120,0.025959108755750065,1.264890760552426,1
121,0.8630463502490794,1.3089931130825139,1
122,0.43332648759984255,-1.2084014409320885,0
123,-0.511338318427036,-0.8466225626234369,0
124,-0.015358540045554097,-1.036903865138539,0
125,0.5805425927409209,-1.0105101112616428,0
126,-0.08446936970857591,1.3947420723142925,1
127,0.31490625309051296,-0.9132307490686041,0
128,-0.9699640323236233,0.6581437294404437,1
129,1.4248206138513482,1.6113576332427684,1
130,-0.7762229221746031,1.7103452514681665,1
131,0.5756428580069712,0.6806460169513924,1
132,0.10019884108492338,-0.7116150178257887,0
133,-0.5970051151508249,-1.0631873622004095,0
134,-0.4449380940139884,0.674145041042894,1
135,-0.29129081959352476,-1.2735517814229793,0
136,-0.5915725343982372,-0.8784523501055542,0
137,-1.0756075458537044,0.7319416490928204,1
138,0.6493657605099243,-0.9142221843999485,0
139,0.0672665143647676,1.252769921232395,1
140,0.9848543217191823,-0.9352664872637972,0
141,0.9403439255375257,0.7668591748546691,1
142,1.2025400537667614,-1.112921331773952,0
143,-0.11620601444920305,1.201629685469297,1
144,0.2406599686536347,-0.920429316042765,0
145,-0.792179771762966,1.3367147204125778,1
146,0.6941244536736481,-1.0516421722950913,0
147,-1.1489854310462357,0.7219231500835901,1
148,0.8635125944162255,-1.0029806483235943,0
149,3.0630287400637393,0.9279009870142552,1
150,-1.1414847490670998,0.8664165959605484,1
151,0.75204363316137,-0.8141352136572902,0
152,0.31878716648026334,-1.0236615293562197,0
153,0.0790668711604741,1.1151736967625787,1
154,0.560806237361688,1.5707486866428682,1
155,0.5047414931844916,-0.744265254324052,0
156,-0.6338173408267525,0.6718712610231072,1
157,1.515125333121084,0.9498156777353043,1
158,-2.2591970413916784,-0.7981242411127388,0
159,0.6048745191619085,0.14998441345622726,1
160,-0.8271901590032366,-1.0945650812269567,0
161,-0.6850769787014225,1.295181495901524,1
162,0.09435016355105677,-0.9289896078063755,0
163,-0.003585334947093523,-0.9424054965972404,0
164,0.4340700868072953,0.7553361405371952,1
165,-0.13460532385007348,-1.2136475786767005,0
166,0.1414978748176673,0.939588228593034,1
167,-1.0493109964080247,-1.1506847418696937,0
168,-1.4282458112288638,-0.9280024529229478,0
169,1.729302901422034,0.33733869293606467,1
170,0.001284883490529745,1.310571579219657,1
171,0.7312514863743765,0.5587992418448195,1
172,-1.6310579647070482,0.7187136281959653,1
173,0.4682981442308125,1.4425404905002348,1
174,1.6511667803268766,1.5699122793331801,1
175,1.5272262308576738,-1.1552445547432344,0
176,0.5537265237522312,-1.0588719314003807,0
177,0.9910443875736678,-1.0896953032335168,0
178,0.23193569747626408,0.2417924047372545,1
179,-1.3533211423199334,-0.9709270030245576,0
180,-1.019253788420317,0.41849629349853845,1
181,-1.268578615448768,1.199617527932663,1
182,-0.7266232520143592,0.8183930917241757,1
183,-1.2044695008765987,-1.0840728081213737,0
184,-1.3120067348339601,1.2221094652371283,1
185,-0.6442850649621937,-1.0342499853706975,0
186,0.6714884146621058,-0.9286665348835501,0
187,0.7520510468571977,-1.012663022359312,0
188,-0.42049880428536524,-1.0186635319419102,0
189,0.2824390300888258,1.0413753444144276,1
190,-0.40795510742403424,-0.8697986225807941,0
191,-1.2908094589637433,0.5283796164224944,1
192,-1.3237460642706125,-1.0229445476349226,0
193,-0.7319458302912433,-1.2166752202604891,0
194,-1.1619119274155159,-1.1380505896767978,0
195,0.7800310374196887,1.655012164166922,1
196,0.42921464684703264,1.324759363969174,1
197,0.35838264044982204,0.8089264329459273,1
198,-0.921106631041567,-0.7659241339530152,0
199,-0.8111564117718598,-0.8038214574632152,0
200,1.5839997568568678,0.8869273656860287,1
201,-0.7180574857981513,1.2668979558707292,1
202,-0.36397974175197056,0.5587120046988325,1
203,-0.15129069711019585,-0.9247486964905547,0
204,-0.3088909831459567,-1.223873755934053,0
205,0.493297162738063,-0.8812035000333518,0
206,-0.4006830725656775,-1.0393505776401701,0
207,-0.36775044888539127,0.9308237443783152,1
208,0.2154283675820497,-1.15129094570181,0
209,1.6943223671449636,1.145800494036545,1
210,-0.24213958951728895,-0.7865152763148826,0
211,1.145910949276808,-0.9490506305204814,0
212,0.05423773110917878,1.6970944561567822,1
213,-1.122582070560378,1.8045870714329575,1
214,2.209702565833418,0.9813266326305571,1
215,-0.732251840193829,0.8474003786067174,1
216,0.1786731839495063,-1.0703202859368137,0
217,-1.0677784680839775,1.0446637329880704,1
218,-0.3874855791652665,-0.8598643345512768,0
219,-0.2738637693041243,-1.1833654324051521,0
220,1.2299912111315325,-0.921168532599733,0
221,-1.8112584581603561,1.5268059370792053,1
222,0.052651276597649975,-1.1902092369493686,0
223,-0.660131583382497,-1.0326059890309287,0
224,0.6759680139533184,-0.9061564253742975,0
225,0.29651013414648325,-0.8873191688546958,0
226,0.1637761721326667,-0.9263919067774208,0
227,1.567566312036821,0.31168674128484297,1
228,1.657522357288657,1.1893152367986466,1
229,-1.2067935815740318,1.0232893729467532,1
230,0.8370074772251465,1.229312891847574,1
231,0.3259409667416417,0.4325746454012571,1
232,-0.8204990168404893,1.332616324610226,1
233,-0.027796066572727755,-0.7418442066517204,0
234,-0.053692635324463715,-1.1327106353383773,0
235,-0.981871656438314,0.9245689569187946,1
236,0.3645984675920792,-1.2026600931445708,0
237,-0.17847825023912559,-1.181538591058025,0
238,-0.02209377378647974,-0.7939362636527589,0
239,-1.1303660752045355,-1.0519846207911603,0
240,-1.3762394649610983,0.7775611065665569,1
241,-1.3696199490727188,0.8952464474340803,1
242,1.3180871291213316,1.594989941451839,1
243,-0.07815000798210055,-1.0862741983118092,0
244,-1.6650048002985787,-1.0188471967164223,0
245,-0.957401126563853,-1.0354059104885218,0
246,-1.6890873934904285,-0.8426695796371545,0
247,-1.650673327608942,-1.1959184653645938,0
248,0.07416201528195682,-0.8100062539508198,0
249,0.8044711722199497,0.8277573089396021,1
250,0.036177399334094536,-0.9472680478321569,0
251,0.5253084882908023,0.5718187339461142,1
252,2.3570087446342383,1.2413159267668545,1
253,1.7544282840628647,-0.9342618285509308,0
254,-0.03047729837460566,1.3288300373721973,1
255,-1.22595054218834,-1.209394596799635,0
256,-1.8437730359947309,1.8140774280317227,1
257,-1.1358317350728486,-0.8797964891750529,0
258,-1.3246594582602698,-1.173737389056665,0
259,0.9707098014171194,-0.73102307040951,0
260,-0.316313461101347,0.7007562058033243,1
261,0.6141302847046434,-1.1026451240128259,0
262,-0.9139411359537069,-1.1100060118899,0
263,-1.1781776391996688,-1.0324415492081591,0
264,0.6384254064669644,1.3740235122644069,1
265,-0.020428060501462557,1.3425149649876595,1
266,1.5917496584095132,0.5496235890478662,1
267,-2.0005662224893355,-1.0820636698291664,0
268,0.7293094116420595,-1.1015716605335586,0
269,1.0034261437769223,-0.893772706400143,0
270,0.5851611896440384,-1.124182318184527,0
271,0.6890991731925815,0.8773068005349314,1
272,0.9308010237919719,-0.8536917086783172,0
273,0.4417904489756102,-0.7593846816511004,0
274,-1.2135134084860377,-0.883648599539636,0
275,0.7139290500661132,1.5263135697746482,1
276,0.19581299816461215,-1.3697421326676984,0
277,1.1094937545629215,1.1897261714379628,1
278,1.4256841545051249,1.162427001451008,1
279,0.23997061419449478,1.4181507747794155,1
280,-0.923656357546134,0.7395049933272761,1
281,-0.08629947068173076,-1.2751387613445562,0
282,0.45276394024070743,-0.9843143722393132,0
283,0.10394174701556526,1.3834556083287368,1
284,-2.1330946579859105,0.999851023911103,1
285,0.32821815137448457,1.299791390698092,1
286,0.6621084125687344,1.1166006337188141,1
287,0.8815463774225458,-1.1656323098160954,0
288,1.815875141072712,0.39759058387347923,1
289,-1.0069221024405697,-0.677162819451085,0
290,-0.9918027204081858,0.38787817275573067,1
291,-0.5838092450468716,-1.0286915246332733,0
292,1.3513223967472723,-1.2807717779726082,0
293,1.837070740007428,1.0739375849054127,1
294,0.3769650117849843,0.8167055839586693,1
295,1.1740338457840622,1.6247698031905902,1
296,1.8150333364428581,-1.1209823529938492,0
297,1.8837492216960166,-1.3645413372396558,0
298,2.9262407884941757,-1.0029545385106653,0
299,-2.0025651018361708,0.44006209743681546,1
300,0.6770417753154521,1.3171024288569133,1
301,-0.2811817259652768,-1.1029092113048011,0
302,-0.3364769528890359,1.1773273292379556,1
303,-0.6787805807343851,-1.27132151485464,0
304,0.3466294037372653,-0.9573659544255227,0
305,1.1271147041085174,-1.1870673295475438,0
306,-0.25072227599407954,0.9610588682484299,1
307,-0.19690937425669205,-1.1267112546231433,0
308,1.0647849986393105,-0.9569913520182741,0
309,1.5004074907291503,0.6050154396624122,1
310,-1.3482015558553908,-1.0437191974941522,0
311,2.1388346947106855,-0.929609400148737,0
312,0.054749322915881665,1.1088321911435077,1
313,-0.36173072205618784,-1.185390653065809,0
314,0.7385928233841852,1.2557317210232208,1
315,0.4450552541979163,1.2991103367448584,1
316,2.428493796990871,1.2686002052070424,1
317,0.881795679583637,0.33253877147941513,1
318,0.365044326644524,-0.9930574872419083,0
319,1.0011044557973314,-1.1173859687869958,0
320,-0.4949447344498573,-0.8219258054227432,0
321,0.43229865403441425,-1.1618452530797418,0
322,-0.6092684148328742,0.6658119573559542,1
323,0.5103869373636606,-1.082389995739658,0
324,0.4270001857665986,-0.7795973799538884,0
325,-0.6648845219927296,-0.9365021620666314,0
326,0.11196830317016519,0.9275361831127686,1
327,0.9577346630509597,-1.0131771153043998,0
328,-0.48373529171050167,-0.9893197481536328,0
329,1.773971083635989,1.1012036056349348,1
330,-1.0122793925086389,1.4006494919047199,1
331,0.7103110169376509,1.295254944683684,1
332,-0.7058056581446991,-1.210887122863745,0
333,0.6168904676542593,-0.9852807128698762,0
334,0.22168557070056694,-1.089508740754122,0
335,0.9909907408527024,-0.8361467040603362,0
336,-0.8361986267952881,0.5431012539808695,1
337,-0.5310029788717759,0.49855318056386044,1
338,1.309187377081791,1.39355838803658,1
339,-0.5511895421776996,-0.8781439545712064,0
340,0.9750770676452226,0.767905708110467,1
341,-1.5722221697107386,-0.8342557371110747,0
342,1.0012506769582425,-1.271819685206808,0
343,-1.541303711079892,-0.9948990267810562,0
344,-0.6716532602790861,1.5657886188354917,1
345,-0.3848389053079246,0.3694791018262077,1
346,-0.06137836151392614,1.0609534078176281,1
347,-0.15889990573923338,0.5941222039401388,1
348,0.3563624874165947,-0.8620807880467919,0
349,1.0400887473688398,-0.75457570797639,0
350,-0.42990934587907054,0.22839200306426166,1
351,-1.0064493205413194,-0.9314331036214827,0
352,-0.24670218759174206,1.3541812328881664,1
353,0.3765080553483412,-0.7543597957756951,0
354,-0.8632079363032537,0.7039539500654681,1
355,0.5996259377973252,-1.209496166747976,0
356,-0.21533695314943552,0.8903830405218236,1
357,-0.24332622046482408,1.5607931550284493,1
358,1.2002102664312848,-1.1166404555653775,0
359,-0.22266670694138166,0.8832533626165677,1
360,-1.769319176840785,1.2711925890108555,1
361,-1.7717288482681268,-0.7203153812758648,0
362,0.32746752248090366,-1.1449290148476516,0
363,-0.5932509816628639,-1.222967637631048,0
364,1.054554309109999,-0.8270086190809163,0
365,0.888605556614116,-0.6908616217661177,0
366,-0.23588574187468336,-1.0306966838692162,0
367,0.2702840117323674,0.8255094381525957,1
368,-0.06268685678557433,-1.216513579223628,0
369,-1.6678201989822297,1.2190653070805553,1
370,-0.11374371962608644,-1.100031640531063,0
371,0.24446535113382786,-0.9203464428872224,0
372,2.396220321856088,1.6089192118343538,1
373,-0.01236766986362166,1.510104122527718,1
374,-0.011487706251715087,1.2819483579991084,1
375,0.08402066506872602,1.2393965104488889,1
376,0.7680936145124342,1.0753670684059973,1
377,0.26108227691705704,-0.8478761469757117,0
378,-2.3095094188026843,0.872754000612868,1
379,0.2768569666319735,-1.2806753889636515,0
380,-0.06589928810507162,1.0386586597279093,1
381,-0.354725301359992,-1.2329695665551812,0
382,0.24697374109328224,1.463048901605953,1
383,0.04153205331553135,1.4435909553491804,1
384,-0.9315159161395237,1.1938625918269234,1
385,-1.680617014367095,-1.1448754528525562,0
386,1.4104619207955824,1.2006081171438492,1
387,0.26643484533850526,-0.7559855996787928,0
388,-0.8385311730399413,-0.7902979080846557,0
389,-0.3151631350551742,-0.925377351297188,0
390,0.469200180793848,1.33361876138737,1
391,-0.5151755280688703,0.8289854483240439,1
392,-0.0578193121509172,1.27441054783207,1
393,0.8396672912929644,1.075944982381045,1
394,-0.9797760955545478,1.139971620271956,1
395,-0.16889356759630034,-0.96469494150072,0
396,0.3553436456067504,-0.7479143040622609,0
397,-1.0242242497421266,-0.877292918064224,0
398,0.6436587966633824,-0.9300222591596995,0
399,-0.1415384723008985,-0.7238400872739128,0
400,-0.4603904992159257,-1.048526311329387,0
401,1.2637307960158755,1.8203544485157521,1
402,1.02371665892217,-0.8490362153780859,0
403,-0.18568139723619728,1.1078512858420595,1
404,0.7916894532461353,-1.0508627446456886,0
405,-0.5586697205467289,-1.1771043124520635,0
406,-0.8438510484711124,1.2179857696062575,1
407,-0.27465410950548713,-0.8959035639173858,0
408,1.240362843663896,1.0113284443151846,1
409,-1.7501020867917303,-1.0609879866924754,0
410,-1.5235122444098639,0.5253067665709654,1
411,0.9410159072008921,-1.3093829855678547,0
412,-1.7033057099137923,1.1061229424420982,1
413,-0.7009684008901983,-0.9640083143001712,0
414,-0.8938839369715359,1.4338478755708064,1
415,0.29894639940990203,-1.1857496376349261,0
416,-0.5651555515095578,-0.9026936625123094,0
417,-1.0703916239654008,1.0098235960590796,1
418,2.8290206606645927,-0.8315574756214774,0
419,0.22846652159527384,1.236899896355954,1
420,0.082644576217787,-1.2583997253236403,0
421,0.6570925611016655,-1.1231792690293672,0
422,0.5370490719738091,-1.270551361077508,0
423,0.27595523941284167,-0.9493641928474027,0
424,0.8445513954399168,0.695969095399573,1
425,0.9737046448771483,1.3761424006384342,1
426,0.8479942346823348,1.0472416794138255,1
427,-0.5062467016104417,-0.8245690982663276,0
428,0.5001446505591991,-0.9150828076358195,0
429,-0.5123240334950279,0.982379616518518,1
430,-0.17164748261588794,1.147305640860647,1
431,-0.10929387692440186,-0.821506792022957,0
432,-0.4106467436657848,-1.112735410434784,0
433,-0.9402295117068115,-0.7177575161443475,0
434,0.6039668316402704,-1.0125948317822413,0
435,0.40448571004224415,-0.91187663405311,0
436,0.7617524324308271,1.130266223705412,1
437,2.0868686793233726,-1.0723738907060307,0
438,-0.417826547132147,0.6088364402905178,1
439,0.08971508837076765,0.7612191343883815,1
440,0.9883661561510134,-0.9721922704958534,0
441,0.955598147095634,-1.3103248816932642,0
442,0.2830509717000087,0.5758792119831104,1
443,1.0240189413679561,-1.2673167469428503,0
444,0.16406318147010293,1.5899451077603524,1
445,-1.9552436312645158,1.3398945116981669,1
446,0.07864423883761355,1.9288795371626062,1
447,-1.119768118902492,1.162836540862989,1
448,-0.032887308456111264,0.4704774498343123,1
449,0.30365863861052134,0.7176403540514901,1
450,1.195454241649574,-1.1272695523267682,0
451,0.4076543478131227,1.1944596962296736,1
452,1.227587277006277,-1.2175101775493573,0
453,0.6511676883733631,1.4966732171838746,1
454,0.5033799957971274,-1.2185128999673274,0
455,1.124208040859051,-1.1331490944849936,0
456,-0.8336151137886382,1.1813509171056735,1
457,-0.3013481639572786,-1.1628060749512745,0
458,0.35844465922722324,1.2516989569103945,1
459,0.1728437385259624,-1.1248441250939911,0
460,1.4343616662145982,-1.135433067480184,0
461,-1.2363910305073962,0.8232113320653043,1
462,-0.23503027390583278,-1.079113469726334,0
463,0.11868585014806313,1.7083287918272119,1
464,-0.41076880250515535,1.404767063751387,1
465,-1.2289659287632018,0.854631872882296,1
466,0.9420785246952667,1.0081594401506324,1
467,-0.8116317888438577,-1.252295182392934,0
468,-1.898986655501545,0.8357026606920014,1
469,1.1208651083423353,-0.8068515410934611,0
470,0.9660369320763962,-1.1488237995203678,0
471,-0.6777821237326634,-0.7630225508099022,0
472,0.5010125437771719,1.4282166905196827,1
473,1.3018283717557544,-0.8294668204239961,0
474,-0.3475619384340433,-1.030296558690149,0
475,1.8927433222296253,1.2662757032875676,1
476,-0.36107171571272223,0.7788587480603826,1
477,0.6441465844742923,1.0948188236223968,1
478,1.173511289158971,-1.2243398585203036,0
479,1.1835238123663392,-0.8037656272518139,0
480,0.018788546033850943,-1.049530708132036,0
481,0.6917963577876798,0.5248910115500615,1
482,0.6901600888134086,-1.0565713191047634,0
483,-0.4387501275009269,0.8551359207869281,1
484,0.9614936597683649,-1.0475100981746412,0
485,1.146541737070138,-0.9336228864926803,0
486,-1.3371128582915717,-0.9662453103311,0
487,-1.8909879293299452,-0.9936131930599897,0
488,0.6892063916503058,-0.8450448387878754,0
489,-0.9510308872041151,1.2592927946546275,1
490,1.2123480608892065,1.3123018913398234,1
491,-0.9445772059422304,1.0927723398756086,1
492,-1.0831487703803522,-0.744697122030957,0
493,1.6922756957969647,-0.9630218758225895,0
494,-0.6456367402861181,-0.6855542138241026,0
495,0.5438087852221715,-1.1563907912011118,0
496,1.2712909857584602,1.869737772442956,1
497,0.9435109865895609,0.9293671444899956,1
498,0.49781217870948363,1.0436819226020841,1
499,0.4582647682748945,-0.9970068792711585,0
500,0.8958904405978505,1.5627925246332268,1
501,-0.7454888417404758,-1.1684395202530145,0
502,0.5282200673639159,0.33364774562991073,1
503,-0.9526455253342626,-1.0198696346091074,0
504,0.08294966420748309,-1.0998196315049051,0
505,-0.18840796767223938,-1.0544840833219902,0
506,0.6136388855340166,-0.7151014065245687,0
507,-0.3313571193084152,0.6800207075162885,1
508,-0.11168660964781449,-1.0815140868676902,0
509,-1.035977771080031,-0.9776457403902321,0
510,-0.45831397181211514,1.8926296264281142,1
511,-0.8707083301458942,0.8777952726924153,1
512,1.2654513083514514,-1.114130007866227,0
513,1.1547409289449153,0.8407273374046544,1
514,-0.8517474824896916,-1.123633406447203,0
515,1.2894778932968745,-1.049453928870395,0
516,1.3784618772910655,0.9427449874678477,1
517,-1.082964166066193,-1.1740077194214726,0
518,-1.7871496132533597,-1.3720426675682087,0
519,-1.1606147080732196,0.6959429039061649,1
520,0.6415431934335261,-1.28015856373816,0
521,0.677773845953651,-0.9679714490838403,0
522,-0.6948215361548973,-1.1293961283284273,0
523,-2.696713032592985,-1.1519548929010266,0
524,0.652113841786951,-1.123166474502833,0
525,0.14804409862986226,-1.1639388805530866,0
526,-0.32720643896085094,1.0136743396812897,1
527,-1.4183478995366676,-1.0423380544575735,0
528,0.3536520202883576,1.3882490943480603,1
529,0.09217894170828937,-1.0508782696279015,0
530,-0.6903838855275479,1.0483715274493555,1
531,0.36277005470836154,-0.9351439458754988,0
532,1.3434139947996429,-1.0611950890775599,0
533,-0.6415832181145392,-0.7142640715457165,0
534,-0.6533828093247531,-1.0410356291627858,0
535,1.304507493395243,1.4889140036905637,1
536,0.1696678739388603,1.1075565098422777,1
537,2.8879444840211597,1.7736068858957588,1
538,-0.48159525733928904,-1.1613445282548154,0
539,0.057258569817447515,1.341364562009597,1
540,0.20801340243133531,1.2968670202270178,1
541,0.07077997914379183,0.4646371990072201,1
542,-0.35616913958372715,0.6071652714949736,1
543,-0.32145452647218387,0.5803016999439393,1
544,1.6763709746873907,-1.3279965877772295,0
545,0.42587430466301524,0.5666336860285589,1
546,1.4737258529810815,1.1379729192236812,1
547,-1.1719129920827362,0.8136866275938874,1
548,1.5748105259090877,0.5885889178277226,1
549,1.6354322219433335,-0.8523966106809928,0
550,0.03935335299952281,-0.7543743256716413,0
551,-0.3438836800266049,-1.2172431926091214,0
552,1.1038978944467843,-0.9847160831072399,0
553,1.8347697522010382,-1.1176362459801914,0
554,0.719196396277115,-0.9861678552643505,0
555,-0.9412984264072336,-0.4794326390111352,0
556,-1.5785852399837916,0.9487890638256974,1
557,-0.549055408720362,-0.7803718973115787,0
558,-1.1353882461231932,-0.9373949174861167,0
559,-1.5816646786739599,1.603356924261623,1
560,2.397899557727911,-1.1369968326620112,0
561,-0.004973547780405881,-1.092359269150259,0
562,0.7809864249082124,-0.9828993117210691,0
563,-1.4014961834293667,1.2689505095181994,1
564,-0.44953685045604835,-0.8349802528894297,0
565,-1.1816758651376302,0.7734194181473137,1
566,0.22689521758100814,-0.9683434521242499,0
567,0.5999512893137414,-1.0406896149424631,0
568,0.4780928622738463,0.3982164178865705,1
569,-0.9811650756023342,1.1403122217014423,1
570,0.5222476232444956,-1.2609303281985784,0
571,0.9508698576723756,0.07457254906975874,1
572,-0.04518713223408906,-0.8696274248282408,0
573,-1.034511783567927,-0.836972616927899,0
574,-1.183529586217322,-0.8790968810653863,0
575,-1.214209667932459,1.1563388702814592,1
576,1.0277876347201185,-1.1995631415980408,0
577,-0.7729761717586123,1.1531804973535795,1
578,0.5547837591398607,-1.2028210703043982,0
579,-0.4854459843944903,-0.9301956077175995,0
580,-1.0795934184739635,0.6482197313945812,1
581,0.7990136721309522,1.1138460499526475,1
582,-1.207421522439251,-0.879427673247928,0
583,-0.28363397287984,0.8256057140217903,1
584,1.2383826578855472,0.6882832928963729,1
585,0.23740969099827752,0.5318769722951693,1
586,-1.5845155835946554,-1.1940798780376947,0
587,-1.8681197006364267,-0.7387971944621226,0
588,2.2393515669525104,0.8012369808402595,1
589,1.235597942042292,0.25293786183266853,1
590,0.49523413147725653,-0.9150667732430009,0
591,0.3885367882452459,-1.0974774772730005,0
592,-1.5483199218009445,1.3442119136973174,1
593,0.8134804284760612,0.609732858323782,1
594,0.34269886057079996,-1.0441282112767123,0
595,-0.17773552596807793,0.7970388845260055,1
596,1.0460043081999786,1.6495567845844108,1
597,0.8051178790870414,-1.0217215220016862,0
598,1.6466574486267413,1.3778726022362107,1
599,-0.9039029716372711,0.9074913430103344,1
600,1.91537867180497,-0.9509315193160264,0
601,0.8405074507154607,2.059942864642536,1
602,0.3294729493751683,0.774684333096877,1
603,0.2089098679602285,-0.9933095445618559,0
604,-0.9443048433839197,-0.8603112927636114,0
605,0.4076902345228142,0.8526653384039098,1
606,-0.02807423328968743,-0.9724234347312257,0
607,0.33493592853883725,-0.9087695331493446,0
608,1.1631132700685463,0.9656937966843585,1
609,0.9412880029827563,1.4526350982066991,1
610,0.5268897931453318,1.6278159752111516,1
611,-1.1449179820089388,0.5748050645783354,1
612,-1.9830191384633857,-1.2363306672251406,0
613,-1.3894384022988353,-0.9671919426721345,0
614,-1.3190440520646172,1.0862599715312131,1
615,-1.176175610150309,-0.9834469246149836,0
616,1.4125235924793296,1.2510713063101377,1
617,0.4559069801113792,-0.8752658437081346,0
618,0.01985748349652019,-1.2977196444327048,0
619,0.9069331199384965,0.5596279667086129,1
620,0.3166172745120576,-0.9522107796761468,0
621,-0.058851804192393845,1.829738878009409,1
622,-0.005093625745027941,-1.1433588960736605,0
623,-0.19499073100083583,-0.8543549766375428,0
624,-0.6509689192293858,-0.9714515783720021,0
625,0.899232200265422,-1.0218566190866536,0
626,-0.23611165944330798,0.8704750412884312,1
627,1.4057989767756922,-0.9641149839479078,0
628,-1.0163606842489896,-0.8957401170236019,0
629,0.7001692518968725,0.7644705933431393,1
630,-0.7362034502885723,-0.7952293890512376,0
631,-0.952948073000236,0.47711641892577916,1
632,0.8826362624006128,0.4531754534674487,1
633,0.8116054954790867,1.2009269532636642,1
634,1.1704354420798895,-1.0342541171759643,0
635,0.539749216444407,0.9322032197695733,1
636,2.29671605114488,-0.9070456346673467,0
637,-0.14875446698841724,0.7530964825608878,1
638,0.5265013963902428,-1.115166055038593,0
639,-0.6839453619622701,-1.295781510483724,0
640,0.8352715574314251,-0.8654819058159328,0
641,0.2737069447960015,0.5824436324307416,1
642,0.8545576640991623,-1.3768840710294887,0
643,-0.6337779246056702,-1.1689749643537826,0
644,-0.3542992524788676,-1.1628615636962918,0
645,-0.16627350029895369,0.5617032195980121,1
646,0.7971294132907877,1.1476844069489378,1
647,-0.8537855906909158,1.2046615956434161,1
648,1.51447370941546,0.920699106844842,1
649,2.038713645503471,-1.012714098107962,0
650,1.456652869374712,1.0934121951911246,1
651,-0.3790412491339145,1.162982283684236,1
652,0.13342881668925494,0.9718858487947046,1
653,-0.02689219984329996,-0.9713375890048175,0
654,0.1434852782093641,0.7915203030716091,1
655,0.3491688133688734,1.0034028701632263,1
656,0.6027498780313005,1.1548817259392155,1
657,0.09046746481345838,-0.77174762835987,0
658,1.1991615719645299,-0.8356984304643202,0
659,0.7171325677419644,-1.1098426264880348,0
660,-0.5696606538432116,-1.1545859419562803,0
661,-0.42934978341290947,1.2444318737146898,1
662,-1.2374272750655768,0.9079144731541571,1
663,-0.011346649774413853,1.2695495962577608,1
664,-0.43368291054342345,-0.7515399516866519,0
665,1.4697851054856401,-1.1778223077973269,0
666,1.4284334320944614,-0.823477690855398,0
667,2.258001609457864,1.4398915156538943,1
668,-0.6439995736130428,1.1423890647301407,1
669,0.7641312204911677,-0.7998915478264748,0
670,-1.3890245172687496,-1.1895732132611758,0
671,2.118778950967322,-1.0675909354682451,0
672,-1.0842428467034606,-0.8442690376696151,0
673,1.075948159800328,-0.9997486137936853,0
674,-0.9736941580252392,-1.0623437359172387,0
675,-0.6076046249798671,-0.7920635636457164,0
676,-1.8914989209011883,-1.0075307576375927,0
677,-0.37346591007452123,0.75479291694969,1
678,1.0662587673234998,1.153584128143296,1
679,-1.461189188049389,-1.0894286773178408,0
680,-0.8436384291277643,-0.9918563530882225,0
681,-1.0281985752408036,1.0225397353812942,1
682,-1.1724463687679574,1.4136016202979884,1
683,1.2702306997012578,-1.0043313462730412,0
684,-0.2968783975024324,-0.8197375957707002,0
685,-0.0429245871308982,0.28905715037057644,1
686,0.46241357682041084,0.4764998252213839,1
687,-0.4484378540672103,0.9131750347365472,1
688,-0.40707017178468685,-1.122928645921211,0
689,0.15141187984542137,-0.9007660512240696,0
690,0.9223077216058593,1.048589743069152,1
691,0.12949244231141846,-1.149449910153162,0
692,0.28414002732128163,-1.0391825727228228,0
693,-1.6154481288672204,0.7458595358662057,1
694,-0.5126150532114689,-1.0166034482202146,0
695,-0.20083774253826184,0.9336023216205102,1
696,-1.0470924547292955,1.3994608429559945,1
697,0.6369400568348107,1.0312468070874992,1
698,-0.42245824098196344,1.1395100738869208,1
699,-0.6460704541879229,-1.1099731901326386,0
700,-0.12060410821507458,-1.0066102586447956,0
701,-1.1803144518187598,0.8710749291300485,1
702,0.7629463655775404,1.0836183459592537,1
703,-0.10659654332029057,-1.0877119339916028,0
704,0.8476959954745011,-1.3642291525998604,0
705,0.2414120951898315,-0.9653593587405409,0
706,0.31015269933668727,-1.2480419304927826,0
707,-1.2699267756069499,0.8759296958440141,1
708,-0.35340614305330587,-1.2296939629509098,0
709,1.2664560753740475,-0.7312653168481815,0
710,0.2217240866919503,1.1305827908833015,1
711,0.44585293307428653,1.098928219669073,1
712,-0.178199026811222,-0.9829091084897075,0
713,0.2426943930056233,1.148488699943519,1
714,-0.7785677804467208,0.8175611344776055,1
715,1.0759299540129075,0.5332660581919817,1
716,-0.03485010097079637,1.2020740029139672,1
717,-0.5658287656627594,1.1362176667395245,1
718,-0.46753795444117097,1.231721915683779,1
719,0.5780627009649388,-1.0320506944508805,0
720,-0.027251899632577552,1.101022180543591,1
721,-1.833900556227436,0.6162190106688352,1
722,-0.8477518510762992,-1.1582928819873504,0
723,-1.7795129188729435,-0.6751253839052052,0
724,0.3089216931145093,-1.1203371018663681,0
725,-0.37666952301399265,1.174712640509614,1
726,-1.1832434242908896,-1.2133644828634096,0
727,0.2509767624600093,0.7576159278726902,1
728,0.3491270918937301,-0.9368192485181583,0
729,-0.3359548193117795,-0.9206877638080826,0
730,-0.31481269641617554,-1.0253060476632498,0
731,0.7047223697961361,1.462600040630086,1
732,-0.03648220518551284,0.5025558359752329,1
733,1.7464653825492367,-1.1673885990093082,0
734,-0.5058358150942502,0.6401433742577178,1
735,-0.3182582946163449,1.1080661378893082,1
736,-1.1627494527309217,-0.9613963960276304,0
737,-1.406102384290181,-1.2856533580522223,0
738,-0.3404291791236804,0.8667421450629094,1
739,1.3173216241524504,-1.0791080235949384,0
740,1.238122443024792,1.1060365324500216,1
741,0.27701985021955355,0.24645833124862304,1
742,-0.6526367023062705,0.6723309343877102,1
743,-0.4419966285669701,-1.1468315985936557,0
744,-0.8663735299194394,-0.8887200924774875,0
745,1.66369417077715,1.3551994619656584,1
746,-0.0019289505407096563,0.9041811455289018,1
747,0.6510331995584857,-1.1168793130341064,0
748,-0.01239420921028023,-1.1304954335772548,0
749,0.14750205406311867,1.376078258337297,1
750,0.49974370450926014,-1.0458485855290915,0
751,0.2487097682251551,1.8822721066244221,1
752,0.1514101266171323,1.0694832901447255,1
753,0.07972380835577059,-1.1433289895971512,0
754,-1.133401799880391,1.6193272865733035,1
755,1.3963614750237858,-0.9797778231697539,0
756,-1.2821435629450226,-0.825638861340265,0
757,2.3787166803202053,-0.9598996162183787,0
758,0.5350845540686628,0.9331816414020708,1
759,-0.13185807250414835,-0.8214463689526521,0
760,-0.7830055891022926,-0.6375177168015786,0
761,-1.3622408118732448,1.5995734877654797,1
762,-0.33665032051265953,-0.819646810537069,0
763,0.09812977141712506,0.6547110668280329,1
764,0.601265142037609,-1.051792021835523,0
765,0.07252549857505511,0.6386526914996727,1
766,-0.8258751978447271,0.562557342816175,1
767,-0.039388993044629686,-0.9887236581021335,0
768,-1.505483704490311,-1.3047990581574065,0
769,-1.3721910994669078,-0.8960429721315716,0
770,1.6883315423566478,1.093938700591344,1
771,0.10372583573228586,1.0862067002946825,1
772,-1.7541611496802583,0.668664823850526,1
773,1.7600328440005093,-0.6498543844370146,0
774,-1.6406098662315867,0.9347751742490477,1
775,-0.542105929428363,-0.7655501741854682,0
776,-0.1359235980630966,-1.006543560102659,0
777,-0.6854300676559304,1.3052610023270657,1
778,-0.40766344414134437,-0.995009994887699,0
779,1.3038501083589915,-0.7307865070402466,0
780,0.6193613875427153,0.019796870677196043,1
781,-1.8256437724472963,0.8602910517793319,1
782,-0.15501964203691174,0.7506157454018691,1
783,-0.6315016980503242,0.5109337007724626,1
784,0.8364163099696563,1.1516259500330688,1
785,-0.7808102136774454,0.22037019660251944,1
786,1.4166571567712152,-0.8708189022628304,0
787,0.23668760249993342,1.4263416774859563,1
788,-1.0665475201885557,1.0927955320888283,1
789,-0.9096324566626485,0.8288211233579634,1
790,0.2631241586785827,-1.0694133294401327,0
791,-0.2657033740560624,0.8539719088812682,1
792,-0.5352637220654467,-0.8284675891640614,0
793,0.4311058723518628,0.7770032772165568,1
794,0.2663492294097765,1.0617391673009542,1
795,-0.2763292220069253,1.172360199672886,1
796,-0.6196295915239969,-0.960452639088665,0
797,-0.12448824999049911,-0.9187614640003103,0
798,-0.009571492999848746,-0.9816053612328569,0
799,-0.09279040687776652,0.5998699542036345,1
800,-0.2375270887028486,1.3532276694970382,1
801,0.6995421552837147,1.384219822143284,1
802,-1.8662004845483462,0.7448976877723278,1
803,2.0145728297581154,-1.2907877690975962,0
804,1.295391381663531,-1.0791030546099425,0
805,0.39649802262881606,-1.104777523963677,0
806,0.9048386026120144,1.0627506535366107,1
807,-1.5273955753032495,-0.9265583392072538,0
808,0.30042545527603565,0.6854002866503239,1
809,1.833111092933426,0.9807350911883594,1
810,-0.3398834679647261,-0.04288413048196715,1
811,0.43028642221229263,-1.1190960062918016,0
812,-0.5745380576676073,-1.0140851154174384,0
813,-0.07532904901393381,-1.4575801744887824,0
814,1.2187505528337075,0.7494785904543291,1
815,0.2727689664153013,-1.1849327876428295,0
816,-1.7303532475494177,-0.8047848898368855,0
817,-1.969767057208302,1.0990973554559769,1
818,1.013988903641765,-0.8584302040211573,0
819,-0.16414963969091803,1.1466987790011867,1
820,0.3456523912081199,1.0436372736146338,1
821,0.5944654432418428,0.6569085464776856,1
822,-0.6023383536484865,-1.09928172628625,0
823,1.472961731679829,-1.3786216299147636,0
824,0.6990876717273026,1.3029142335280879,1
825,-1.121960851107119,1.1084837545427761,1
826,-1.6985926554509592,0.6445261992012161,1
827,1.742724886831789,-1.024760619007444,0
828,0.6514236248419546,-0.031390596213037414,1
829,1.4354570009905934,1.3012139024240552,1
830,0.23209341614077883,1.2464284390285438,1
831,-0.5687988867008409,-1.0542150487301598,0
832,1.3535179739610042,-1.1082560019022658,0
833,-2.488516054239613,0.9686467480904308,1
834,0.5698233415342314,-0.8737635122764856,0
835,-1.4566725685998454,1.3233274458119142,1
836,0.6072167398902603,-1.0238081124546525,0
837,-1.3917311566067978,1.1733486702470344,1
838,0.9427804974949031,-0.9360875877100957,0
839,-0.40183759234476085,0.6353772464573937,1
840,-0.5603827429985893,0.8348099780994852,1
841,-0.5655314508087314,-1.05041389102853,0
842,-1.8179032471617167,0.7447608776262384,1
843,0.12764475284163462,-0.9268323193911677,0
844,1.01662575827254,-1.4350660249161855,0
845,-1.1802422228833653,-1.10371565423728,0
846,0.7137000935028003,0.7131905005767808,1
847,-0.5638307247335895,0.8373676557178427,1
848,-0.8282499586976387,1.0024317411285073,1
849,-0.5795298181053006,0.764467143127738,1
850,-0.06328589289820132,0.9310166870615484,1
851,1.9380957907579728,1.8168549650362107,1
852,0.8693163817318791,-1.1071307852193004,0
853,0.04935882287815703,-0.892794776176885,0
854,-0.07500890690809628,-1.2925833068147443,0
855,2.9141135536477565,0.9279345059469132,1
856,0.3665772672928416,1.1743449390596,1
857,0.5788125559510342,0.4793649674628586,1
858,0.9085757735804857,-0.7268827117610542,0
859,-0.8220305766328087,1.2292454379489781,1
860,0.9744966676042734,1.0383185729079933,1
861,0.3533818462999469,-1.330994654161953,0
862,1.671968269634787,-0.8475638027758701,0
863,-2.115968801642032,-1.1093494615770132,0
864,0.36113058080301286,1.4859027258374136,1
865,1.1151159849702077,0.6244373152912027,1
866,0.9329789583422384,0.9196201930722734,1
867,-0.22515533333510837,0.4501580631482832,1
868,-2.061989221623298,-1.034667235413155,0
869,0.5192896242653082,-1.1950925731079074,0
870,-0.48776845120625856,-1.1895192710336158,0
871,-0.39323468243503934,-1.0992238450441347,0
872,0.28725709419971596,-0.9141943019484688,0
873,0.011701384134963463,1.2059914455612708,1
874,1.805052703276258,-1.0716544862898048,0
875,1.1936490706308824,1.4449110371575205,1
876,0.4061800660861388,-0.7225005201379472,0
877,-0.5140328344248304,-0.9165451775026446,0
878,0.04422203953547509,0.9112505979158942,1
879,-1.6851081215540824,0.956753452267823,1
880,0.7055533902021055,-0.8591704701694326,0
881,-0.3958846885445874,1.697644884712787,1
882,0.4537337126153206,-0.9210718706328481,0
883,0.6438371563049412,-0.8557006428002107,0
884,-1.2322716887677494,-1.0269099107600794,0
885,1.742651763576948,0.8713874426951456,1
886,0.15719718670487204,-0.8904487315589145,0
887,-0.43916649256005424,0.8882572044544682,1
888,-0.6119875251609516,0.35385894193524436,1
889,-1.0390877765894753,-0.8936372905466919,0
890,0.7648864211794489,-0.9223887765452436,0
891,-0.0826978031023887,-1.152249124145997,0
892,0.3910752552956327,-1.627253003494145,0
893,-0.8542662264323455,0.8566675572234703,1
894,-0.2878690010464127,1.5369872977643233,1
895,0.2437763266245906,1.0375115463375435,1
896,-0.10498705085342176,-0.9834600337829896,0
897,-0.7995427491269173,0.5490230648197192,1
898,-0.21328534656914233,-1.1023995779985343,0
899,-0.03723433067961887,1.3337934558531703,1
900,-1.1413155437467217,-0.977596651033069,0
901,0.8681303481283263,-0.8410005471010522,0
902,1.135556182687098,-1.04490289498956,0
903,-0.519015469298667,1.2156404358578634,1
904,0.22710083200243542,-1.0702226986257162,0
905,0.05832211940238952,-1.0213466582801618,0
906,1.5346138198127064,1.3944784164479433,1
907,1.0151894910031152,1.141661025779866,1
908,-0.8448226631875847,1.3138234955900694,1
909,-0.41498701626585544,-0.9106838330983277,0
910,0.16932231030814582,0.7084416432224657,1
911,0.8047610030254256,1.0786434515187031,1
912,-1.952976744624283,0.6006683740714045,1
913,0.475274769047513,1.067828419781964,1
914,-0.36240086987642395,0.9656413292629645,1
915,-0.6030530694918707,-0.9976407527115644,0
916,-1.3181162471051553,1.0498059992303435,1
917,0.36049172704852883,0.6881390520701287,1
918,-0.3869894567708284,1.2970311180628347,1
919,1.8156241134005702,-0.7696273009736768,0
920,0.34196213923758284,1.0043093897554005,1
921,1.157339305306146,-0.3702099161351682,1
922,-0.162457627092749,-1.0504747775090035,0
923,-0.712561137351571,0.683767174224652,1
924,-1.2524850672565861,0.27225689378370155,1
925,-0.3681515737950265,-0.971650455376544,0
926,1.3574805296807224,1.3635409502991862,1
927,0.2930578567632744,1.2731063840271828,1
928,-0.3954914214982206,1.1972724559104915,1
929,0.7744987480512854,1.2864339305123993,1
930,0.8869158722192205,-0.8209122195978841,0
931,-2.455350796388041,-0.9483677672651843,0
932,-1.1476055184785146,0.2926124842857437,1
933,-1.2499187672730572,0.0664234335755266,1
934,-0.8606270546854117,-1.0710754472083894,0
935,-1.5158467104330753,1.260787845649848,1
936,0.4663153149040196,-1.1891066905659349,0
937,0.49186379345737796,1.324372624343062,1
938,-0.16790183396594507,0.7523644720641078,1
939,0.5171040950698946,0.8520818606797927,1
940,1.941871166031549,-0.8781549333942203,0
941,1.142310009176426,0.8921243550728648,1
942,1.0436917467440938,-0.9946141171122884,0
943,-0.023612358964183327,-0.8408933747345736,0
944,0.14764413119058944,1.1920440593484463,1
945,1.2091308439814967,1.5489076023070323,1
946,-0.7280702670315826,0.8376035019205321,1
947,-0.500720777187037,0.8467042016056306,1
948,-0.4587377132035182,1.0555470734925907,1
949,1.3971202744026376,-1.0358756408837058,0
950,-0.04389835333822855,1.1214943496903027,1
951,0.6478921755163927,-0.7641275179560243,0
952,0.5488524115789959,-1.047826374035393,0
953,-1.5934772986014059,1.229707661348809,1
954,-0.7972164793861022,-0.8240400721624285,0
955,0.05465842736464832,1.4016996378731756,1
956,1.1389530923811337,-1.03726293538399,0
957,0.23767325633069256,1.6913337441974643,1
958,0.2659471285685437,-0.9689103771581478,0
959,-0.33131741519109836,0.731923143231058,1
960,-0.5636271561691476,-1.1745606763914622,0
961,-0.2550999442494455,1.1860375817985398,1
962,0.2863661478519291,1.4889495065093983,1
963,-0.12345337843737167,-1.07866799203339,0
964,-1.959825392810953,1.3045086389303893,1
965,1.5274112549030632,0.4365100294556439,1
966,-1.0498343803666739,1.3236387544304917,1
967,0.3976742387217843,0.5501673054567588,1
968,1.0603110840178205,0.7460700005130627,1
969,-0.1540531448119715,1.2363304979116185,1
970,-0.01800787217034531,1.1223078083254852,1
971,-2.0513120160719405,0.6667681418265825,1
972,0.7727953359018761,1.6332762252840642,1
973,0.8284826750565921,1.2611363358649206,1
974,-0.9721855159335357,0.991107277289851,1
975,-0.44856930857245436,0.704076397144942,1
976,0.09832684330059248,0.14241281095184843,1
977,-0.3408576186353691,0.8491110614734605,1
978,-1.4267960305999854,-0.9541409039274711,0
979,0.6010297061391724,0.6941466759632514,1
980,1.6534236199464047,-1.0955369697674016,0
981,0.8612321677685626,0.8112486506054291,1
982,0.2628865850235118,-1.1302324035519153,0
983,1.762929303787511,1.7527124668680913,1
984,1.0455290176652672,-0.7471912277913351,0
985,1.1206766953745464,0.5815112578065085,1
986,-0.05750225498092534,1.166410847096698,1
987,-0.010510789961536485,-0.9512206488564683,0
988,-0.08538346293194891,0.71429702272094,1
989,-0.9545667549850028,0.9092504177829311,1
990,1.4230955215241252,1.135062013628966,1
991,0.18614879834504325,0.7467614484577614,1
992,-0.5429917999090158,1.1461885429447367,1
993,0.3929903587251415,0.5350187960172492,1
994,-0.2360163581338957,-0.7556521267560824,0
995,0.9669620746045252,-0.90433669663798,0
996,0.8026108989723683,1.0237078096478387,1
997,-0.6939448015632159,0.8767763434019769,1
998,-0.7590237138022248,1.29977241917556,1
999,-0.2694583765438972,-1.1243897224240833,0
